estimate,conf.low,conf.high,p.value
1.7857142857108697,0.30458394691638196,10.469282910262185,0.5205190475650681
