contrast,estimate,conf.low,conf.high,p.value
stage0 - stage1,1.24347826086956,-1.69182318113521,4.17877970287434,0.39184282274275
