contrast,OR,conf.low,conf.high,p.value
stage0 - stage1,0.560000000001071,0.0955175257533428,3.28316712067078,0.520519047565068
